phase,image,folder,filename,num_candidates,mean_readiness,max_readiness
pre,/Volumes/T9/ICML/Part_one_pre_def_rgb/DJI_20250929095743_0311_D.JPG,Part_one_pre_def_rgb,DJI_20250929095743_0311_D.JPG,100,0.5736,0.6824
pre,/Volumes/T9/ICML/Part_one_pre_def_rgb/DJI_20250929095745_0312_D.JPG,Part_one_pre_def_rgb,DJI_20250929095745_0312_D.JPG,100,0.595,0.7843
pre,/Volumes/T9/ICML/Part_one_pre_def_rgb/DJI_20250929095747_0313_D.JPG,Part_one_pre_def_rgb,DJI_20250929095747_0313_D.JPG,100,0.5801,0.7215
pre,/Volumes/T9/ICML/Part_one_pre_def_rgb/DJI_20250929095749_0314_D.JPG,Part_one_pre_def_rgb,DJI_20250929095749_0314_D.JPG,100,0.5887,0.7202
pre,/Volumes/T9/ICML/Part_one_pre_def_rgb/DJI_20250929095751_0315_D.JPG,Part_one_pre_def_rgb,DJI_20250929095751_0315_D.JPG,100,0.5664,0.766
pre,/Volumes/T9/ICML/Part_one_pre_def_rgb/DJI_20250929095753_0316_D.JPG,Part_one_pre_def_rgb,DJI_20250929095753_0316_D.JPG,100,0.5881,0.7392
pre,/Volumes/T9/ICML/Part_one_pre_def_rgb/DJI_20250929095755_0317_D.JPG,Part_one_pre_def_rgb,DJI_20250929095755_0317_D.JPG,100,0.5676,0.8265
pre,/Volumes/T9/ICML/Part_one_pre_def_rgb/DJI_20250929095757_0318_D.JPG,Part_one_pre_def_rgb,DJI_20250929095757_0318_D.JPG,100,0.5756,0.6964
pre,/Volumes/T9/ICML/Part_one_pre_def_rgb/DJI_20250929095759_0319_D.JPG,Part_one_pre_def_rgb,DJI_20250929095759_0319_D.JPG,100,0.5704,0.763
pre,/Volumes/T9/ICML/Part_one_pre_def_rgb/DJI_20250929095801_0320_D.JPG,Part_one_pre_def_rgb,DJI_20250929095801_0320_D.JPG,100,0.5956,0.7172
pre,/Volumes/T9/ICML/Part_one_pre_def_rgb/DJI_20250929095803_0321_D.JPG,Part_one_pre_def_rgb,DJI_20250929095803_0321_D.JPG,100,0.5704,0.7232
pre,/Volumes/T9/ICML/Part_one_pre_def_rgb/DJI_20250929095805_0322_D.JPG,Part_one_pre_def_rgb,DJI_20250929095805_0322_D.JPG,100,0.5645,0.7925
pre,/Volumes/T9/ICML/Part_one_pre_def_rgb/DJI_20250929095807_0323_D.JPG,Part_one_pre_def_rgb,DJI_20250929095807_0323_D.JPG,100,0.5738,0.7202
pre,/Volumes/T9/ICML/Part_one_pre_def_rgb/DJI_20250929095809_0324_D.JPG,Part_one_pre_def_rgb,DJI_20250929095809_0324_D.JPG,100,0.5604,0.684
pre,/Volumes/T9/ICML/Part_one_pre_def_rgb/DJI_20250929095811_0325_D.JPG,Part_one_pre_def_rgb,DJI_20250929095811_0325_D.JPG,100,0.5671,0.7013
pre,/Volumes/T9/ICML/Part_one_pre_def_rgb/DJI_20250929095813_0326_D.JPG,Part_one_pre_def_rgb,DJI_20250929095813_0326_D.JPG,100,0.5741,0.8007
pre,/Volumes/T9/ICML/Part_one_pre_def_rgb/DJI_20250929095815_0327_D.JPG,Part_one_pre_def_rgb,DJI_20250929095815_0327_D.JPG,100,0.5763,0.7472
pre,/Volumes/T9/ICML/Part_one_pre_def_rgb/DJI_20250929095817_0328_D.JPG,Part_one_pre_def_rgb,DJI_20250929095817_0328_D.JPG,100,0.5822,0.8174
pre,/Volumes/T9/ICML/Part_one_pre_def_rgb/DJI_20250929095819_0329_D.JPG,Part_one_pre_def_rgb,DJI_20250929095819_0329_D.JPG,100,0.5891,0.7741
pre,/Volumes/T9/ICML/Part_one_pre_def_rgb/DJI_20250929095821_0330_D.JPG,Part_one_pre_def_rgb,DJI_20250929095821_0330_D.JPG,100,0.5841,0.7308
pre,/Volumes/T9/ICML/Part_one_pre_def_rgb/DJI_20250929095823_0331_D.JPG,Part_one_pre_def_rgb,DJI_20250929095823_0331_D.JPG,100,0.5875,0.7408
pre,/Volumes/T9/ICML/Part_one_pre_def_rgb/DJI_20250929095825_0332_D.JPG,Part_one_pre_def_rgb,DJI_20250929095825_0332_D.JPG,100,0.5811,0.7155
pre,/Volumes/T9/ICML/Part_one_pre_def_rgb/DJI_20250929095827_0333_D.JPG,Part_one_pre_def_rgb,DJI_20250929095827_0333_D.JPG,100,0.5873,0.7666
pre,/Volumes/T9/ICML/Part_one_pre_def_rgb/DJI_20250929095829_0334_D.JPG,Part_one_pre_def_rgb,DJI_20250929095829_0334_D.JPG,100,0.5765,0.7973
pre,/Volumes/T9/ICML/Part_one_pre_def_rgb/DJI_20250929095831_0335_D.JPG,Part_one_pre_def_rgb,DJI_20250929095831_0335_D.JPG,100,0.5898,0.7266
pre,/Volumes/T9/ICML/Part_one_pre_def_rgb/DJI_20250929095833_0336_D.JPG,Part_one_pre_def_rgb,DJI_20250929095833_0336_D.JPG,100,0.5818,0.7375
pre,/Volumes/T9/ICML/Part_one_pre_def_rgb/DJI_20250929095835_0337_D.JPG,Part_one_pre_def_rgb,DJI_20250929095835_0337_D.JPG,100,0.5812,0.7499
pre,/Volumes/T9/ICML/Part_one_pre_def_rgb/DJI_20250929095837_0338_D.JPG,Part_one_pre_def_rgb,DJI_20250929095837_0338_D.JPG,100,0.5778,0.7409
pre,/Volumes/T9/ICML/Part_one_pre_def_rgb/DJI_20250929095839_0339_D.JPG,Part_one_pre_def_rgb,DJI_20250929095839_0339_D.JPG,100,0.5827,0.766
pre,/Volumes/T9/ICML/Part_one_pre_def_rgb/DJI_20250929095841_0340_D.JPG,Part_one_pre_def_rgb,DJI_20250929095841_0340_D.JPG,100,0.5722,0.7191
pre,/Volumes/T9/ICML/Part_one_pre_def_rgb/DJI_20250929095843_0341_D.JPG,Part_one_pre_def_rgb,DJI_20250929095843_0341_D.JPG,100,0.5909,0.755
pre,/Volumes/T9/ICML/Part_one_pre_def_rgb/DJI_20250929095845_0342_D.JPG,Part_one_pre_def_rgb,DJI_20250929095845_0342_D.JPG,100,0.5919,0.7366
pre,/Volumes/T9/ICML/Part_one_pre_def_rgb/DJI_20250929095847_0343_D.JPG,Part_one_pre_def_rgb,DJI_20250929095847_0343_D.JPG,100,0.6039,0.7381
pre,/Volumes/T9/ICML/Part_one_pre_def_rgb/DJI_20250929095849_0344_D.JPG,Part_one_pre_def_rgb,DJI_20250929095849_0344_D.JPG,100,0.5929,0.7528
pre,/Volumes/T9/ICML/Part_one_pre_def_rgb/DJI_20250929095851_0345_D.JPG,Part_one_pre_def_rgb,DJI_20250929095851_0345_D.JPG,100,0.6239,0.7843
pre,/Volumes/T9/ICML/Part_one_pre_def_rgb/DJI_20250929095853_0346_D.JPG,Part_one_pre_def_rgb,DJI_20250929095853_0346_D.JPG,100,0.6079,0.786
pre,/Volumes/T9/ICML/Part_one_pre_def_rgb/DJI_20250929095855_0347_D.JPG,Part_one_pre_def_rgb,DJI_20250929095855_0347_D.JPG,100,0.6022,0.7555
pre,/Volumes/T9/ICML/Part_one_pre_def_rgb/DJI_20250929095857_0348_D.JPG,Part_one_pre_def_rgb,DJI_20250929095857_0348_D.JPG,100,0.5901,0.79
pre,/Volumes/T9/ICML/Part_one_pre_def_rgb/DJI_20250929095859_0349_D.JPG,Part_one_pre_def_rgb,DJI_20250929095859_0349_D.JPG,100,0.5939,0.6961
pre,/Volumes/T9/ICML/Part_one_pre_def_rgb/DJI_20250929095901_0350_D.JPG,Part_one_pre_def_rgb,DJI_20250929095901_0350_D.JPG,100,0.5864,0.7312
pre,/Volumes/T9/ICML/Part_one_pre_def_rgb/DJI_20250929095903_0351_D.JPG,Part_one_pre_def_rgb,DJI_20250929095903_0351_D.JPG,100,0.6015,0.8304
pre,/Volumes/T9/ICML/Part_one_pre_def_rgb/DJI_20250929095905_0352_D.JPG,Part_one_pre_def_rgb,DJI_20250929095905_0352_D.JPG,100,0.5808,0.7302
pre,/Volumes/T9/ICML/Part_one_pre_def_rgb/DJI_20250929095907_0353_D.JPG,Part_one_pre_def_rgb,DJI_20250929095907_0353_D.JPG,100,0.5961,0.758
pre,/Volumes/T9/ICML/Part_one_pre_def_rgb/DJI_20250929095909_0354_D.JPG,Part_one_pre_def_rgb,DJI_20250929095909_0354_D.JPG,100,0.5871,0.8291
pre,/Volumes/T9/ICML/Part_one_pre_def_rgb/DJI_20250929095911_0355_D.JPG,Part_one_pre_def_rgb,DJI_20250929095911_0355_D.JPG,100,0.5899,0.795
pre,/Volumes/T9/ICML/Part_one_pre_def_rgb/DJI_20250929095913_0356_D.JPG,Part_one_pre_def_rgb,DJI_20250929095913_0356_D.JPG,100,0.58,0.7055
pre,/Volumes/T9/ICML/Part_one_pre_def_rgb/DJI_20250929095915_0357_D.JPG,Part_one_pre_def_rgb,DJI_20250929095915_0357_D.JPG,100,0.5826,0.7777
pre,/Volumes/T9/ICML/Part_one_pre_def_rgb/DJI_20250929095917_0358_D.JPG,Part_one_pre_def_rgb,DJI_20250929095917_0358_D.JPG,100,0.5752,0.6872
pre,/Volumes/T9/ICML/Part_one_pre_def_rgb/DJI_20250929095919_0359_D.JPG,Part_one_pre_def_rgb,DJI_20250929095919_0359_D.JPG,100,0.5727,0.7222
pre,/Volumes/T9/ICML/Part_one_pre_def_rgb/DJI_20250929095921_0360_D.JPG,Part_one_pre_def_rgb,DJI_20250929095921_0360_D.JPG,100,0.5712,0.6865
pre,/Volumes/T9/ICML/Part_one_pre_def_rgb/DJI_20250929095923_0361_D.JPG,Part_one_pre_def_rgb,DJI_20250929095923_0361_D.JPG,100,0.5805,0.7232
pre,/Volumes/T9/ICML/Part_one_pre_def_rgb/DJI_20250929095925_0362_D.JPG,Part_one_pre_def_rgb,DJI_20250929095925_0362_D.JPG,100,0.5804,0.7119
pre,/Volumes/T9/ICML/Part_one_pre_def_rgb/DJI_20250929095927_0363_D.JPG,Part_one_pre_def_rgb,DJI_20250929095927_0363_D.JPG,100,0.5774,0.7421
pre,/Volumes/T9/ICML/Part_one_pre_def_rgb/DJI_20250929095929_0364_D.JPG,Part_one_pre_def_rgb,DJI_20250929095929_0364_D.JPG,100,0.5773,0.7927
pre,/Volumes/T9/ICML/Part_one_pre_def_rgb/DJI_20250929095931_0365_D.JPG,Part_one_pre_def_rgb,DJI_20250929095931_0365_D.JPG,100,0.5783,0.7033
pre,/Volumes/T9/ICML/Part_one_pre_def_rgb/DJI_20250929095933_0366_D.JPG,Part_one_pre_def_rgb,DJI_20250929095933_0366_D.JPG,100,0.5761,0.7068
pre,/Volumes/T9/ICML/Part_one_pre_def_rgb/DJI_20250929095935_0367_D.JPG,Part_one_pre_def_rgb,DJI_20250929095935_0367_D.JPG,100,0.5765,0.7243
pre,/Volumes/T9/ICML/Part_one_pre_def_rgb/DJI_20250929095937_0368_D.JPG,Part_one_pre_def_rgb,DJI_20250929095937_0368_D.JPG,100,0.584,0.7043
pre,/Volumes/T9/ICML/Part_one_pre_def_rgb/DJI_20250929095939_0369_D.JPG,Part_one_pre_def_rgb,DJI_20250929095939_0369_D.JPG,100,0.5787,0.6822
pre,/Volumes/T9/ICML/Part_one_pre_def_rgb/DJI_20250929095941_0370_D.JPG,Part_one_pre_def_rgb,DJI_20250929095941_0370_D.JPG,100,0.585,0.8766
pre,/Volumes/T9/ICML/Part_one_pre_def_rgb/DJI_20250929095943_0371_D.JPG,Part_one_pre_def_rgb,DJI_20250929095943_0371_D.JPG,100,0.5889,0.7148
pre,/Volumes/T9/ICML/Part_one_pre_def_rgb/DJI_20250929095945_0372_D.JPG,Part_one_pre_def_rgb,DJI_20250929095945_0372_D.JPG,100,0.6006,0.7515
pre,/Volumes/T9/ICML/Part_one_pre_def_rgb/DJI_20250929095947_0373_D.JPG,Part_one_pre_def_rgb,DJI_20250929095947_0373_D.JPG,100,0.6143,0.7381
pre,/Volumes/T9/ICML/Part_one_pre_def_rgb/DJI_20250929095949_0374_D.JPG,Part_one_pre_def_rgb,DJI_20250929095949_0374_D.JPG,100,0.6002,0.7408
pre,/Volumes/T9/ICML/Part_one_pre_def_rgb/DJI_20250929095951_0375_D.JPG,Part_one_pre_def_rgb,DJI_20250929095951_0375_D.JPG,100,0.5991,0.7677
pre,/Volumes/T9/ICML/Part_one_pre_def_rgb/DJI_20250929095953_0376_D.JPG,Part_one_pre_def_rgb,DJI_20250929095953_0376_D.JPG,100,0.5987,0.8299
pre,/Volumes/T9/ICML/Part_one_pre_def_rgb/DJI_20250929095955_0377_D.JPG,Part_one_pre_def_rgb,DJI_20250929095955_0377_D.JPG,100,0.588,0.7347
pre,/Volumes/T9/ICML/Part_one_pre_def_rgb/DJI_20250929095957_0378_D.JPG,Part_one_pre_def_rgb,DJI_20250929095957_0378_D.JPG,100,0.5996,0.7488
pre,/Volumes/T9/ICML/Part_one_pre_def_rgb/DJI_20250929095959_0379_D.JPG,Part_one_pre_def_rgb,DJI_20250929095959_0379_D.JPG,100,0.5769,0.7348
pre,/Volumes/T9/ICML/Part_one_pre_def_rgb/DJI_20250929100001_0380_D.JPG,Part_one_pre_def_rgb,DJI_20250929100001_0380_D.JPG,100,0.6065,0.8041
pre,/Volumes/T9/ICML/Part_one_pre_def_rgb/DJI_20250929100003_0381_D.JPG,Part_one_pre_def_rgb,DJI_20250929100003_0381_D.JPG,100,0.5927,0.7488
pre,/Volumes/T9/ICML/Part_one_pre_def_rgb/DJI_20250929100005_0382_D.JPG,Part_one_pre_def_rgb,DJI_20250929100005_0382_D.JPG,100,0.5879,0.7124
pre,/Volumes/T9/ICML/Part_one_pre_def_rgb/DJI_20250929100007_0383_D.JPG,Part_one_pre_def_rgb,DJI_20250929100007_0383_D.JPG,100,0.5938,0.743
pre,/Volumes/T9/ICML/Part_one_pre_def_rgb/DJI_20250929100009_0384_D.JPG,Part_one_pre_def_rgb,DJI_20250929100009_0384_D.JPG,100,0.5873,0.7103
pre,/Volumes/T9/ICML/Part_one_pre_def_rgb/DJI_20250929100011_0385_D.JPG,Part_one_pre_def_rgb,DJI_20250929100011_0385_D.JPG,100,0.5646,0.6789
pre,/Volumes/T9/ICML/Part_one_pre_def_rgb/DJI_20250929100013_0386_D.JPG,Part_one_pre_def_rgb,DJI_20250929100013_0386_D.JPG,100,0.5673,0.7075
pre,/Volumes/T9/ICML/Part_one_pre_def_rgb/DJI_20250929100015_0387_D.JPG,Part_one_pre_def_rgb,DJI_20250929100015_0387_D.JPG,100,0.5686,0.6931
pre,/Volumes/T9/ICML/Part_one_pre_def_rgb/DJI_20250929100017_0388_D.JPG,Part_one_pre_def_rgb,DJI_20250929100017_0388_D.JPG,100,0.5686,0.7232
pre,/Volumes/T9/ICML/Part_one_pre_def_rgb/DJI_20250929100019_0389_D.JPG,Part_one_pre_def_rgb,DJI_20250929100019_0389_D.JPG,100,0.5746,0.748
pre,/Volumes/T9/ICML/Part_one_pre_def_rgb/DJI_20250929100021_0390_D.JPG,Part_one_pre_def_rgb,DJI_20250929100021_0390_D.JPG,100,0.5716,0.6696
post,/Volumes/T9/ICML/205_Post_Def_rgb/DJI_20250929124505_0127_D.JPG,205_Post_Def_rgb,DJI_20250929124505_0127_D.JPG,100,0.6364,0.7378
post,/Volumes/T9/ICML/205_Post_Def_rgb/DJI_20250929124507_0128_D.JPG,205_Post_Def_rgb,DJI_20250929124507_0128_D.JPG,100,0.66,0.7997
post,/Volumes/T9/ICML/205_Post_Def_rgb/DJI_20250929124509_0129_D.JPG,205_Post_Def_rgb,DJI_20250929124509_0129_D.JPG,100,0.6464,0.7813
post,/Volumes/T9/ICML/205_Post_Def_rgb/DJI_20250929124511_0130_D.JPG,205_Post_Def_rgb,DJI_20250929124511_0130_D.JPG,100,0.654,0.7905
post,/Volumes/T9/ICML/205_Post_Def_rgb/DJI_20250929124513_0131_D.JPG,205_Post_Def_rgb,DJI_20250929124513_0131_D.JPG,100,0.637,0.715
post,/Volumes/T9/ICML/205_Post_Def_rgb/DJI_20250929124515_0132_D.JPG,205_Post_Def_rgb,DJI_20250929124515_0132_D.JPG,100,0.6392,0.7251
post,/Volumes/T9/ICML/205_Post_Def_rgb/DJI_20250929124517_0133_D.JPG,205_Post_Def_rgb,DJI_20250929124517_0133_D.JPG,100,0.6502,0.7773
post,/Volumes/T9/ICML/205_Post_Def_rgb/DJI_20250929124519_0134_D.JPG,205_Post_Def_rgb,DJI_20250929124519_0134_D.JPG,100,0.664,0.8373
post,/Volumes/T9/ICML/205_Post_Def_rgb/DJI_20250929124521_0135_D.JPG,205_Post_Def_rgb,DJI_20250929124521_0135_D.JPG,100,0.6402,0.7737
post,/Volumes/T9/ICML/205_Post_Def_rgb/DJI_20250929124523_0136_D.JPG,205_Post_Def_rgb,DJI_20250929124523_0136_D.JPG,100,0.6596,0.8221
post,/Volumes/T9/ICML/205_Post_Def_rgb/DJI_20250929124525_0137_D.JPG,205_Post_Def_rgb,DJI_20250929124525_0137_D.JPG,100,0.6474,0.7663
post,/Volumes/T9/ICML/205_Post_Def_rgb/DJI_20250929124527_0138_D.JPG,205_Post_Def_rgb,DJI_20250929124527_0138_D.JPG,100,0.6625,0.8012
post,/Volumes/T9/ICML/205_Post_Def_rgb/DJI_20250929124529_0139_D.JPG,205_Post_Def_rgb,DJI_20250929124529_0139_D.JPG,100,0.6386,0.7502
post,/Volumes/T9/ICML/205_Post_Def_rgb/DJI_20250929124531_0140_D.JPG,205_Post_Def_rgb,DJI_20250929124531_0140_D.JPG,100,0.6338,0.7556
post,/Volumes/T9/ICML/205_Post_Def_rgb/DJI_20250929124533_0141_D.JPG,205_Post_Def_rgb,DJI_20250929124533_0141_D.JPG,100,0.6326,0.7524
post,/Volumes/T9/ICML/205_Post_Def_rgb/DJI_20250929124535_0142_D.JPG,205_Post_Def_rgb,DJI_20250929124535_0142_D.JPG,100,0.6267,0.7309
post,/Volumes/T9/ICML/205_Post_Def_rgb/DJI_20250929124537_0143_D.JPG,205_Post_Def_rgb,DJI_20250929124537_0143_D.JPG,100,0.6236,0.7232
post,/Volumes/T9/ICML/205_Post_Def_rgb/DJI_20250929124539_0144_D.JPG,205_Post_Def_rgb,DJI_20250929124539_0144_D.JPG,100,0.6367,0.7938
post,/Volumes/T9/ICML/205_Post_Def_rgb/DJI_20250929124541_0145_D.JPG,205_Post_Def_rgb,DJI_20250929124541_0145_D.JPG,100,0.6294,0.7456
post,/Volumes/T9/ICML/205_Post_Def_rgb/DJI_20250929124543_0146_D.JPG,205_Post_Def_rgb,DJI_20250929124543_0146_D.JPG,100,0.6346,0.7588
post,/Volumes/T9/ICML/205_Post_Def_rgb/DJI_20250929124545_0147_D.JPG,205_Post_Def_rgb,DJI_20250929124545_0147_D.JPG,100,0.6283,0.759
post,/Volumes/T9/ICML/205_Post_Def_rgb/DJI_20250929124547_0148_D.JPG,205_Post_Def_rgb,DJI_20250929124547_0148_D.JPG,100,0.6322,0.7267
post,/Volumes/T9/ICML/205_Post_Def_rgb/DJI_20250929124549_0149_D.JPG,205_Post_Def_rgb,DJI_20250929124549_0149_D.JPG,100,0.6346,0.7464
post,/Volumes/T9/ICML/205_Post_Def_rgb/DJI_20250929124551_0150_D.JPG,205_Post_Def_rgb,DJI_20250929124551_0150_D.JPG,100,0.631,0.6987
post,/Volumes/T9/ICML/205_Post_Def_rgb/DJI_20250929124553_0151_D.JPG,205_Post_Def_rgb,DJI_20250929124553_0151_D.JPG,100,0.6412,0.7476
post,/Volumes/T9/ICML/205_Post_Def_rgb/DJI_20250929124555_0152_D.JPG,205_Post_Def_rgb,DJI_20250929124555_0152_D.JPG,100,0.6399,0.7377
post,/Volumes/T9/ICML/205_Post_Def_rgb/DJI_20250929124557_0153_D.JPG,205_Post_Def_rgb,DJI_20250929124557_0153_D.JPG,100,0.6402,0.7845
post,/Volumes/T9/ICML/205_Post_Def_rgb/DJI_20250929124559_0154_D.JPG,205_Post_Def_rgb,DJI_20250929124559_0154_D.JPG,100,0.6345,0.7628
post,/Volumes/T9/ICML/205_Post_Def_rgb/DJI_20250929124601_0155_D.JPG,205_Post_Def_rgb,DJI_20250929124601_0155_D.JPG,100,0.6343,0.7785
post,/Volumes/T9/ICML/205_Post_Def_rgb/DJI_20250929124603_0156_D.JPG,205_Post_Def_rgb,DJI_20250929124603_0156_D.JPG,100,0.6302,0.7506
post,/Volumes/T9/ICML/205_Post_Def_rgb/DJI_20250929124605_0157_D.JPG,205_Post_Def_rgb,DJI_20250929124605_0157_D.JPG,100,0.63,0.7498
post,/Volumes/T9/ICML/205_Post_Def_rgb/DJI_20250929124607_0158_D.JPG,205_Post_Def_rgb,DJI_20250929124607_0158_D.JPG,100,0.6388,0.7641
post,/Volumes/T9/ICML/205_Post_Def_rgb/DJI_20250929124609_0159_D.JPG,205_Post_Def_rgb,DJI_20250929124609_0159_D.JPG,100,0.6406,0.7598
post,/Volumes/T9/ICML/205_Post_Def_rgb/DJI_20250929124611_0160_D.JPG,205_Post_Def_rgb,DJI_20250929124611_0160_D.JPG,100,0.6333,0.8036
post,/Volumes/T9/ICML/205_Post_Def_rgb/DJI_20250929124613_0161_D.JPG,205_Post_Def_rgb,DJI_20250929124613_0161_D.JPG,100,0.6471,0.8084
post,/Volumes/T9/ICML/205_Post_Def_rgb/DJI_20250929124615_0162_D.JPG,205_Post_Def_rgb,DJI_20250929124615_0162_D.JPG,100,0.6375,0.7428
post,/Volumes/T9/ICML/205_Post_Def_rgb/DJI_20250929124617_0163_D.JPG,205_Post_Def_rgb,DJI_20250929124617_0163_D.JPG,100,0.6344,0.7459
post,/Volumes/T9/ICML/205_Post_Def_rgb/DJI_20250929124619_0164_D.JPG,205_Post_Def_rgb,DJI_20250929124619_0164_D.JPG,100,0.63,0.7661
post,/Volumes/T9/ICML/205_Post_Def_rgb/DJI_20250929124621_0165_D.JPG,205_Post_Def_rgb,DJI_20250929124621_0165_D.JPG,100,0.6357,0.8086
post,/Volumes/T9/ICML/205_Post_Def_rgb/DJI_20250929124623_0166_D.JPG,205_Post_Def_rgb,DJI_20250929124623_0166_D.JPG,100,0.6294,0.8421
post,/Volumes/T9/ICML/205_Post_Def_rgb/DJI_20250929124625_0167_D.JPG,205_Post_Def_rgb,DJI_20250929124625_0167_D.JPG,100,0.6371,0.7434
post,/Volumes/T9/ICML/205_Post_Def_rgb/DJI_20250929124627_0168_D.JPG,205_Post_Def_rgb,DJI_20250929124627_0168_D.JPG,100,0.6402,0.7231
post,/Volumes/T9/ICML/205_Post_Def_rgb/DJI_20250929124629_0169_D.JPG,205_Post_Def_rgb,DJI_20250929124629_0169_D.JPG,100,0.6412,0.7482
post,/Volumes/T9/ICML/205_Post_Def_rgb/DJI_20250929124631_0170_D.JPG,205_Post_Def_rgb,DJI_20250929124631_0170_D.JPG,100,0.6353,0.7247
post,/Volumes/T9/ICML/205_Post_Def_rgb/DJI_20250929124633_0171_D.JPG,205_Post_Def_rgb,DJI_20250929124633_0171_D.JPG,100,0.6362,0.7609
post,/Volumes/T9/ICML/205_Post_Def_rgb/DJI_20250929124635_0172_D.JPG,205_Post_Def_rgb,DJI_20250929124635_0172_D.JPG,100,0.6344,0.7054
post,/Volumes/T9/ICML/205_Post_Def_rgb/DJI_20250929124637_0173_D.JPG,205_Post_Def_rgb,DJI_20250929124637_0173_D.JPG,100,0.6391,0.7618
post,/Volumes/T9/ICML/205_Post_Def_rgb/DJI_20250929124639_0174_D.JPG,205_Post_Def_rgb,DJI_20250929124639_0174_D.JPG,100,0.6382,0.7542
post,/Volumes/T9/ICML/205_Post_Def_rgb/DJI_20250929124641_0175_D.JPG,205_Post_Def_rgb,DJI_20250929124641_0175_D.JPG,100,0.6424,0.7417
post,/Volumes/T9/ICML/205_Post_Def_rgb/DJI_20250929124643_0176_D.JPG,205_Post_Def_rgb,DJI_20250929124643_0176_D.JPG,100,0.6453,0.7541
post,/Volumes/T9/ICML/205_Post_Def_rgb/DJI_20250929124645_0177_D.JPG,205_Post_Def_rgb,DJI_20250929124645_0177_D.JPG,100,0.6583,0.7575
post,/Volumes/T9/ICML/205_Post_Def_rgb/DJI_20250929124647_0178_D.JPG,205_Post_Def_rgb,DJI_20250929124647_0178_D.JPG,100,0.6443,0.7997
post,/Volumes/T9/ICML/205_Post_Def_rgb/DJI_20250929124649_0179_D.JPG,205_Post_Def_rgb,DJI_20250929124649_0179_D.JPG,100,0.6495,0.7527
post,/Volumes/T9/ICML/205_Post_Def_rgb/DJI_20250929124651_0180_D.JPG,205_Post_Def_rgb,DJI_20250929124651_0180_D.JPG,100,0.6371,0.7408
post,/Volumes/T9/ICML/205_Post_Def_rgb/DJI_20250929124653_0181_D.JPG,205_Post_Def_rgb,DJI_20250929124653_0181_D.JPG,100,0.6375,0.7948
post,/Volumes/T9/ICML/205_Post_Def_rgb/DJI_20250929124655_0182_D.JPG,205_Post_Def_rgb,DJI_20250929124655_0182_D.JPG,100,0.6348,0.7355
post,/Volumes/T9/ICML/205_Post_Def_rgb/DJI_20250929124657_0183_D.JPG,205_Post_Def_rgb,DJI_20250929124657_0183_D.JPG,100,0.6374,0.7302
post,/Volumes/T9/ICML/205_Post_Def_rgb/DJI_20250929124659_0184_D.JPG,205_Post_Def_rgb,DJI_20250929124659_0184_D.JPG,100,0.6311,0.7222
post,/Volumes/T9/ICML/205_Post_Def_rgb/DJI_20250929124701_0185_D.JPG,205_Post_Def_rgb,DJI_20250929124701_0185_D.JPG,100,0.6329,0.757
post,/Volumes/T9/ICML/205_Post_Def_rgb/DJI_20250929124703_0186_D.JPG,205_Post_Def_rgb,DJI_20250929124703_0186_D.JPG,100,0.6366,0.8086
post,/Volumes/T9/ICML/205_Post_Def_rgb/DJI_20250929124705_0187_D.JPG,205_Post_Def_rgb,DJI_20250929124705_0187_D.JPG,100,0.63,0.7716
post,/Volumes/T9/ICML/205_Post_Def_rgb/DJI_20250929124707_0188_D.JPG,205_Post_Def_rgb,DJI_20250929124707_0188_D.JPG,100,0.6232,0.7355
post,/Volumes/T9/ICML/205_Post_Def_rgb/DJI_20250929124709_0189_D.JPG,205_Post_Def_rgb,DJI_20250929124709_0189_D.JPG,100,0.6292,0.7246
post,/Volumes/T9/ICML/205_Post_Def_rgb/DJI_20250929124711_0190_D.JPG,205_Post_Def_rgb,DJI_20250929124711_0190_D.JPG,100,0.6243,0.726
post,/Volumes/T9/ICML/205_Post_Def_rgb/DJI_20250929124713_0191_D.JPG,205_Post_Def_rgb,DJI_20250929124713_0191_D.JPG,100,0.6238,0.691
post,/Volumes/T9/ICML/205_Post_Def_rgb/DJI_20250929124715_0192_D.JPG,205_Post_Def_rgb,DJI_20250929124715_0192_D.JPG,100,0.6199,0.7561
post,/Volumes/T9/ICML/205_Post_Def_rgb/DJI_20250929124717_0193_D.JPG,205_Post_Def_rgb,DJI_20250929124717_0193_D.JPG,100,0.622,0.6973
post,/Volumes/T9/ICML/205_Post_Def_rgb/DJI_20250929124719_0194_D.JPG,205_Post_Def_rgb,DJI_20250929124719_0194_D.JPG,100,0.6219,0.7087
post,/Volumes/T9/ICML/205_Post_Def_rgb/DJI_20250929124721_0195_D.JPG,205_Post_Def_rgb,DJI_20250929124721_0195_D.JPG,100,0.6259,0.729
post,/Volumes/T9/ICML/205_Post_Def_rgb/DJI_20250929124723_0196_D.JPG,205_Post_Def_rgb,DJI_20250929124723_0196_D.JPG,100,0.6312,0.725
post,/Volumes/T9/ICML/205_Post_Def_rgb/DJI_20250929124725_0197_D.JPG,205_Post_Def_rgb,DJI_20250929124725_0197_D.JPG,100,0.6314,0.7601
post,/Volumes/T9/ICML/205_Post_Def_rgb/DJI_20250929124727_0198_D.JPG,205_Post_Def_rgb,DJI_20250929124727_0198_D.JPG,100,0.6322,0.7595
post,/Volumes/T9/ICML/205_Post_Def_rgb/DJI_20250929124729_0199_D.JPG,205_Post_Def_rgb,DJI_20250929124729_0199_D.JPG,100,0.6244,0.7493
post,/Volumes/T9/ICML/205_Post_Def_rgb/DJI_20250929124731_0200_D.JPG,205_Post_Def_rgb,DJI_20250929124731_0200_D.JPG,100,0.6243,0.72
post,/Volumes/T9/ICML/205_Post_Def_rgb/DJI_20250929124733_0201_D.JPG,205_Post_Def_rgb,DJI_20250929124733_0201_D.JPG,100,0.6238,0.709
post,/Volumes/T9/ICML/205_Post_Def_rgb/DJI_20250929124735_0202_D.JPG,205_Post_Def_rgb,DJI_20250929124735_0202_D.JPG,100,0.6197,0.7182
post,/Volumes/T9/ICML/205_Post_Def_rgb/DJI_20250929124737_0203_D.JPG,205_Post_Def_rgb,DJI_20250929124737_0203_D.JPG,100,0.6246,0.711
post,/Volumes/T9/ICML/205_Post_Def_rgb/DJI_20250929124739_0204_D.JPG,205_Post_Def_rgb,DJI_20250929124739_0204_D.JPG,100,0.6274,0.7886
post,/Volumes/T9/ICML/205_Post_Def_rgb/DJI_20250929124741_0205_D.JPG,205_Post_Def_rgb,DJI_20250929124741_0205_D.JPG,100,0.6191,0.7471
post,/Volumes/T9/ICML/205_Post_Def_rgb/DJI_20250929124743_0206_D.JPG,205_Post_Def_rgb,DJI_20250929124743_0206_D.JPG,100,0.6335,0.7371
